폴더,키오스크ID,키오스크 메뉴명,파일명,사용한 공식 메뉴,비고,원본 URL
"01_추천메뉴","r1","진주 고추 크림치즈 비프 버거 세트","01_추천메뉴/r1_진주 고추 크림치즈 비프 버거 세트_(대체).png","진주 고추 크림치즈 머핀 세트","공식 홈페이지에 없는 메뉴 - 비슷한 메뉴 사진으로 대체","https://www.mcdonalds.co.kr/upload/2026/07/Corp_PC_VIEW_772x530_%EA%B3%A0%EC%B6%94%ED%81%AC%EB%A6%BC%EC%B9%98%EC%A6%88%EB%A8%B8%ED%95%80_EVB.png"
"01_추천메뉴","r2","더블 맥스파이시 상하이 버거 세트","01_추천메뉴/r2_더블 맥스파이시 상하이 버거 세트.png","더블 맥스파이시 상하이 버거 세트","공식 메뉴 사진","https://www.mcdonalds.co.kr/upload/2026/02/Corp_PC_VIEW_772x530_%EB%8D%94%EB%B8%94%EC%83%81%ED%95%98%EC%9D%B4_EVM.png"
"01_추천메뉴","r3","1955 버거 세트","01_추천메뉴/r3_1955 버거 세트.png","1955 버거 세트","공식 메뉴 사진","https://www.mcdonalds.co.kr/upload/product/pcfile/1723564262197.png"
"01_추천메뉴","r4","쿼터파운드 치즈 세트","01_추천메뉴/r4_쿼터파운드 치즈 세트.png","쿼터파운더 치즈 세트","공식 메뉴 사진","https://www.mcdonalds.co.kr/upload/product/pcfile/1723563812629.png"
"01_추천메뉴","r5","더블 쿼터파운드 치즈세트","01_추천메뉴/r5_더블 쿼터파운드 치즈세트.png","더블 쿼터파운더 치즈 세트","공식 메뉴 사진","https://www.mcdonalds.co.kr/upload/product/pcfile/1723563759418.png"
"01_추천메뉴","r6","맥치킨 모짜렐라 세트","01_추천메뉴/r6_맥치킨 모짜렐라 세트.png","맥치킨 모짜렐라 세트","공식 메뉴 사진","https://www.mcdonalds.co.kr/upload/product/pcfile/1723563301214.png"
"01_추천메뉴","r7","빅맥 세트","01_추천메뉴/r7_빅맥 세트.png","빅맥 세트","공식 메뉴 사진","https://www.mcdonalds.co.kr/upload/2025/08/%EB%B9%85%EB%A7%A5%C2%AE_%EC%84%B8%ED%8A%B8.png"
"01_추천메뉴","r8","상하이 버거 세트","01_추천메뉴/r8_상하이 버거 세트_(대체).png","맥스파이시 상하이 버거 세트","공식 홈페이지에 없는 메뉴 - 비슷한 메뉴 사진으로 대체","https://www.mcdonalds.co.kr/upload/product/pcfile/1723562660091.png"
"01_추천메뉴","r9","베이컨 토마토 디럭스 세트","01_추천메뉴/r9_베이컨 토마토 디럭스 세트.png","베이컨 토마토 디럭스 세트","공식 메뉴 사진","https://www.mcdonalds.co.kr/upload/product/pcfile/1723563896442.png"
"01_추천메뉴","r10","에그 불고기 버거 세트","01_추천메뉴/r10_에그 불고기 버거 세트_(대체).png","불고기 버거 세트","공식 홈페이지에 없는 메뉴 - 비슷한 메뉴 사진으로 대체","https://www.mcdonalds.co.kr/upload/product/pcfile/1723564031536.png"
"01_추천메뉴","r11","맥스파이시 상하이 버거 세트","01_추천메뉴/r11_맥스파이시 상하이 버거 세트.png","맥스파이시 상하이 버거 세트","공식 메뉴 사진","https://www.mcdonalds.co.kr/upload/product/pcfile/1723562660091.png"
"01_추천메뉴","r12","더블 불고기 버거 세트","01_추천메뉴/r12_더블 불고기 버거 세트.png","더블 불고기 버거 세트","공식 메뉴 사진","https://www.mcdonalds.co.kr/upload/product/pcfile/1723563975095.png"
"01_추천메뉴","r13","치즈버거 세트","01_추천메뉴/r13_치즈버거 세트.png","치즈버거 세트","공식 메뉴 사진","https://www.mcdonalds.co.kr/upload/product/pcfile/1723563067813.png"
"01_추천메뉴","r14","더블 치즈버거 세트","01_추천메뉴/r14_더블 치즈버거 세트.png","더블 치즈버거 세트","공식 메뉴 사진","https://www.mcdonalds.co.kr/upload/product/pcfile/1723563512104.png"
"01_추천메뉴","r15","1955 베이컨 세트","01_추천메뉴/r15_1955 베이컨 세트_(대체).png","1955 버거 세트","공식 홈페이지에 없는 메뉴 - 비슷한 메뉴 사진으로 대체","https://www.mcdonalds.co.kr/upload/product/pcfile/1723564262197.png"
"01_추천메뉴","r16","골든 모짜렐라 세트","01_추천메뉴/r16_골든 모짜렐라 세트_(대체).png","맥치킨 모짜렐라 세트","공식 홈페이지에 없는 메뉴 - 비슷한 메뉴 사진으로 대체","https://www.mcdonalds.co.kr/upload/product/pcfile/1723563301214.png"
"01_추천메뉴","r17","상하이 스파이시 콤보","01_추천메뉴/r17_상하이 스파이시 콤보_(대체).png","맥스파이시 상하이 버거 세트","공식 홈페이지에 없는 메뉴 - 비슷한 메뉴 사진으로 대체","https://www.mcdonalds.co.kr/upload/product/pcfile/1723562660091.png"
"01_추천메뉴","r18","맥크리스피 클래식 세트","01_추천메뉴/r18_맥크리스피 클래식 세트.png","맥크리스피 치킨 클래식 세트","공식 메뉴 사진","https://www.mcdonalds.co.kr/upload/2026/02/Corp_PC_VIEW_%EB%A7%A5%ED%81%AC%EB%A6%AC%ED%94%BC_%EC%B9%98%ED%82%A8_%ED%81%B4%EB%9E%98%EC%8B%9D_772x530_new.png"
"02_웰런치","w1","웰런치 불고기 버거 세트","02_웰런치/w1_웰런치 불고기 버거 세트.png","불고기 버거 세트","공식 메뉴 사진","https://www.mcdonalds.co.kr/upload/product/pcfile/1723564031536.png"
"02_웰런치","w2","웰런치 치즈버거 세트","02_웰런치/w2_웰런치 치즈버거 세트.png","치즈버거 세트","공식 메뉴 사진","https://www.mcdonalds.co.kr/upload/product/pcfile/1723563067813.png"
"02_웰런치","w3","웰런치 상하이 버거 세트","02_웰런치/w3_웰런치 상하이 버거 세트.png","맥스파이시 상하이 버거 세트","공식 메뉴 사진","https://www.mcdonalds.co.kr/upload/product/pcfile/1723562660091.png"
"02_웰런치","w4","웰런치 맥치킨 세트","02_웰런치/w4_웰런치 맥치킨 세트.png","맥치킨 세트","공식 메뉴 사진","https://www.mcdonalds.co.kr/upload/product/pcfile/1723563415066.png"
"03_버거","b1","빅맥","03_버거/b1_빅맥.png","빅맥 세트","단품 사진이 없어 세트 사진 사용","https://www.mcdonalds.co.kr/upload/2025/08/%EB%B9%85%EB%A7%A5%C2%AE_%EC%84%B8%ED%8A%B8.png"
"03_버거","b2","상하이 버거","03_버거/b2_상하이 버거.png","맥스파이시 상하이 버거 세트","단품 사진이 없어 세트 사진 사용","https://www.mcdonalds.co.kr/upload/product/pcfile/1723562660091.png"
"03_버거","b3","맥스파이시 상하이 버거","03_버거/b3_맥스파이시 상하이 버거.png","맥스파이시 상하이 버거 세트","단품 사진이 없어 세트 사진 사용","https://www.mcdonalds.co.kr/upload/product/pcfile/1723562660091.png"
"03_버거","b4","더블 맥스파이시 상하이 버거","03_버거/b4_더블 맥스파이시 상하이 버거.png","더블 맥스파이시 상하이 버거 세트","단품 사진이 없어 세트 사진 사용","https://www.mcdonalds.co.kr/upload/2026/02/Corp_PC_VIEW_772x530_%EB%8D%94%EB%B8%94%EC%83%81%ED%95%98%EC%9D%B4_EVM.png"
"03_버거","b5","쿼터파운드 치즈버거","03_버거/b5_쿼터파운드 치즈버거.png","쿼터파운더 치즈 세트","단품 사진이 없어 세트 사진 사용","https://www.mcdonalds.co.kr/upload/product/pcfile/1723563812629.png"
"03_버거","b6","치즈버거","03_버거/b6_치즈버거.png","치즈버거(단품)","공식 메뉴 사진","https://www.mcdonalds.co.kr/upload/2026/07/%EC%B9%98%EC%A6%88%EB%B2%84%EA%B1%B0.png"
"03_버거","b7","1955 버거","03_버거/b7_1955 버거.png","1955 버거 세트","단품 사진이 없어 세트 사진 사용","https://www.mcdonalds.co.kr/upload/product/pcfile/1723564262197.png"
"04_해피스낵","s1","맥너겟 4조각","04_해피스낵/s1_맥너겟 4조각.png","맥너겟 4조각","공식 메뉴 사진","https://www.mcdonalds.co.kr/upload/product/pcfile/1612402131024.png"
"04_해피스낵","s2","맥스파이시 치킨텐더 2조각","04_해피스낵/s2_맥스파이시 치킨텐더 2조각.png","맥스파이시 치킨 텐더","공식 메뉴 사진","https://www.mcdonalds.co.kr/upload/product/pcfile/1612402252126.png"
"04_해피스낵","s3","해피밀 너겟","04_해피스낵/s3_해피밀 너겟.png","맥너겟 4조각(해피밀)","공식 메뉴 사진","https://www.mcdonalds.co.kr/upload/product/pcfile/1612402436174.png"
"05_사이드","sd1","후렌치 후라이 (미디엄)","05_사이드/sd1_후렌치 후라이 (미디엄).png","후렌치 후라이 Medium","공식 메뉴 사진","https://www.mcdonalds.co.kr/upload/2025/08/%ED%9B%84%EB%A0%8C%EC%B9%98_%ED%9B%84%EB%9D%BC%EC%9D%B4_Medium.png"
"05_사이드","sd2","후렌치 후라이 (라지)","05_사이드/sd2_후렌치 후라이 (라지).png","후렌치 후라이 Large","공식 메뉴 사진","https://www.mcdonalds.co.kr/upload/2025/08/%ED%9B%84%EB%A0%8C%EC%B9%98_%ED%9B%84%EB%9D%BC%EC%9D%B4_Large.png"
"05_사이드","sd3","코울슬로","05_사이드/sd3_코울슬로.png","코울슬로","공식 메뉴 사진","https://www.mcdonalds.co.kr/upload/product/pcfile/1680761626050.png"
"06_커피","c1","아메리카노","06_커피/c1_아메리카노.png","아메리카노 Medium","공식 메뉴 사진","https://www.mcdonalds.co.kr/upload/product/pcfile/1677680290018.png"
"06_커피","c2","카페라떼","06_커피/c2_카페라떼.png","카페라떼 Medium","공식 메뉴 사진","https://www.mcdonalds.co.kr/upload/product/pcfile/1677680118201.png"
"06_커피","c3","바닐라라떼","06_커피/c3_바닐라라떼.png","바닐라 라떼 Medium","공식 메뉴 사진","https://www.mcdonalds.co.kr/upload/product/pcfile/1677678794782.png"
"07_디저트","d1","소프트콘","07_디저트/d1_소프트콘.png","아이스크림콘","공식 메뉴 사진","https://www.mcdonalds.co.kr/upload/2026/02/Corp_PC_VIEW_772x530_%EC%95%84%EC%9D%B4%EC%8A%A4%ED%81%AC%EB%A6%BC%EC%BD%98.png"
"07_디저트","d2","맥플러리 오레오","07_디저트/d2_맥플러리 오레오.png","오레오 맥플러리","공식 메뉴 사진","https://www.mcdonalds.co.kr/upload/product/pcfile/1615378578396.png"
"08_음료","dr1","코카콜라","08_음료/dr1_코카콜라.png","코카-콜라 Medium","공식 메뉴 사진","https://www.mcdonalds.co.kr/upload/product/pcfile/1583889967380.png"
"08_음료","dr2","스프라이트","08_음료/dr2_스프라이트.png","스프라이트 Medium","공식 메뉴 사진","https://www.mcdonalds.co.kr/upload/product/pcfile/1703512982605.png"
"08_음료","dr3","오렌지주스","08_음료/dr3_오렌지주스.png","오렌지 주스","공식 메뉴 사진","https://www.mcdonalds.co.kr/upload/product/pcfile/1734681316004.png"
"09_세트옵션_사이드","fries","감자튀김","09_세트옵션_사이드/fries_감자튀김.png","후렌치 후라이 Medium","공식 메뉴 사진","https://www.mcdonalds.co.kr/upload/2025/08/%ED%9B%84%EB%A0%8C%EC%B9%98_%ED%9B%84%EB%9D%BC%EC%9D%B4_Medium.png"
"09_세트옵션_사이드","coleslaw","코울슬로","09_세트옵션_사이드/coleslaw_코울슬로.png","코울슬로","공식 메뉴 사진","https://www.mcdonalds.co.kr/upload/product/pcfile/1680761626050.png"
"09_세트옵션_사이드","fries-l","큰 감자튀김(L)","09_세트옵션_사이드/fries-l_큰 감자튀김(L).png","후렌치 후라이 Large","공식 메뉴 사진","https://www.mcdonalds.co.kr/upload/2025/08/%ED%9B%84%EB%A0%8C%EC%B9%98_%ED%9B%84%EB%9D%BC%EC%9D%B4_Large.png"
"10_세트옵션_음료","cola","코카-콜라","10_세트옵션_음료/cola_코카-콜라.png","코카-콜라 Medium","공식 메뉴 사진","https://www.mcdonalds.co.kr/upload/product/pcfile/1583889967380.png"
"10_세트옵션_음료","sprite","스프라이트(사이다)","10_세트옵션_음료/sprite_스프라이트(사이다).png","스프라이트 Medium","공식 메뉴 사진","https://www.mcdonalds.co.kr/upload/product/pcfile/1703512982605.png"
"10_세트옵션_음료","orange","오렌지 주스","10_세트옵션_음료/orange_오렌지 주스.png","오렌지 주스","공식 메뉴 사진","https://www.mcdonalds.co.kr/upload/product/pcfile/1734681316004.png"
"10_세트옵션_음료","water","생수","10_세트옵션_음료/water_생수.png","생수","공식 메뉴 사진","https://www.mcdonalds.co.kr/uploadFolder/product/prov_201901290258201760.png"
"10_세트옵션_음료","americano","아메리카노","10_세트옵션_음료/americano_아메리카노.png","아메리카노 Medium","공식 메뉴 사진","https://www.mcdonalds.co.kr/upload/product/pcfile/1677680290018.png"
"10_세트옵션_음료","latte","카페라떼","10_세트옵션_음료/latte_카페라떼.png","카페라떼 Medium","공식 메뉴 사진","https://www.mcdonalds.co.kr/upload/product/pcfile/1677680118201.png"
"10_세트옵션_음료","fanta","환타","10_세트옵션_음료/fanta_환타.png","환타 Medium","공식 메뉴 사진","https://www.mcdonalds.co.kr/upload/product/pcfile/1631160688795.png"
"10_세트옵션_음료","zerocola","제로콜라","10_세트옵션_음료/zerocola_제로콜라.png","코카-콜라 제로 Medium","공식 메뉴 사진","https://www.mcdonalds.co.kr/upload/product/pcfile/1583890021601.png"
"10_세트옵션_음료","shake","딸기 쉐이크","10_세트옵션_음료/shake_딸기 쉐이크.png","딸기 쉐이크 Medium","공식 메뉴 사진","https://www.mcdonalds.co.kr/uploadFolder/product/prov_201901290257347040.png"
"10_세트옵션_음료","icetea","아이스티","10_세트옵션_음료/icetea_아이스티.png","피치 아이스티 Medium","공식 메뉴 사진","https://www.mcdonalds.co.kr/upload/product/pcfile/1742516130042.png"
